{
  "project_info": {
    "project_number": "517724340431",
    "project_id": "gearsnap-78240",
    "storage_bucket": "gearsnap-78240.firebasestorage.app"
  },
  "client": [
    {
      "client_info": {
        "mobilesdk_app_id": "1:517724340431:android:a7a09700e773df9e7df7ba",
        "android_client_info": {
          "package_name": "com.gearsnap"
        }
      },
      "oauth_client": [
        {
          "client_id": "517724340431-di9fnap738u8icke5ekm6evichpq1o9l.apps.googleusercontent.com",
          "client_type": 1,
          "android_info": {
            "package_name": "com.gearsnap",
            "certificate_hash": "079cb68e386894a8b3f2db662c0b498cdb77a98e"
          }
        },
        {
          "client_id": "517724340431-mks07bvqqh1rlteehvahu5ipbtjm7630.apps.googleusercontent.com",
          "client_type": 3
        }
      ],
      "api_key": [
        {
          "current_key": "AIzaSyDQK3NQ7Mdp4FS1CqtJg0IOzxcXJVkw9Fg"
        }
      ],
      "services": {
        "appinvite_service": {
          "other_platform_oauth_client": [
            {
              "client_id": "517724340431-mks07bvqqh1rlteehvahu5ipbtjm7630.apps.googleusercontent.com",
              "client_type": 3
            }
          ]
        }
      }
    }
  ],
  "configuration_version": "1"
}