{
  "project_info": {
    "project_number": "517724340431",
    "project_id": "gearsnap-78240",
    "storage_bucket": "gearsnap-78240.firebasestorage.app"
  },
  "client": [
    {
      "client_info": {
        "mobilesdk_app_id": "1:517724340431:android:a7a09700e773df9e7df7ba",
        "android_client_info": {
          "package_name": "com.gearsnap"
        }
      },
      "oauth_client": [],
      "api_key": [
        {
          "current_key": "AIzaSyDQK3NQ7Mdp4FS1CqtJg0IOzxcXJVkw9Fg"
        }
      ],
      "services": {
        "appinvite_service": {
          "other_platform_oauth_client": []
        }
      }
    },
    {
      "client_info": {
        "mobilesdk_app_id": "1:517724340431:android:a7a09700e773df9e7df7ba",
        "android_client_info": {
          "package_name": "com.gearsnap.demo"
        }
      },
      "oauth_client": [],
      "api_key": [
        {
          "current_key": "AIzaSyDQK3NQ7Mdp4FS1CqtJg0IOzxcXJVkw9Fg"
        }
      ],
      "services": {
        "appinvite_service": {
          "other_platform_oauth_client": []
        }
      }
    }
  ],
  "configuration_version": "1"
}